{"cameraMode":{"drawMode":0,"name":"Shaded","section":"Shading Mode"},"sceneLighting":true,"audioPlay":false,"sceneViewState":{"showFog":true,"showMaterialUpdate":false,"showSkybox":true,"showFlares":false,"showImageEffects":false,"showParticleSystems":false},"in2DMode":false,"pivot":{"x":6.40856409072876,"y":129.14419555664063,"z":-57.32688903808594},"rotation":{"x":0.5681633949279785,"y":0.20688991248607636,"z":-0.15031424164772035,"w":0.7822023630142212},"size":3.318037748336792,"orthographic":false}