{"cameraMode":{"drawMode":0,"name":"Shaded","section":"Shading Mode"},"sceneLighting":true,"audioPlay":false,"sceneViewState":{"showFog":true,"showMaterialUpdate":false,"showSkybox":true,"showFlares":false,"showImageEffects":false,"showParticleSystems":false},"in2DMode":false,"pivot":{"x":-61.82829666137695,"y":17.461711883544923,"z":-15.70340347290039},"rotation":{"x":-0.05491746962070465,"y":0.7099973559379578,"z":-0.055712949484586719,"w":-0.6998478174209595},"size":94.18951416015625,"orthographic":false}