{"cameraMode":{"drawMode":0,"name":"Shaded","section":"Shading Mode"},"sceneLighting":false,"audioPlay":false,"sceneViewState":{"showFog":true,"showMaterialUpdate":false,"showSkybox":false,"showFlares":false,"showImageEffects":false,"showParticleSystems":false},"in2DMode":false,"pivot":{"x":0.0,"y":0.7499749660491943,"z":-0.000025033950805664063},"rotation":{"x":0.008126593194901944,"y":0.8922194838523865,"z":-0.016070351004600526,"w":0.4513261020183563},"size":0.25002503395080569,"orthographic":true}