{"cameraMode":{"drawMode":0,"name":"Shaded","section":"Shading Mode"},"sceneLighting":false,"audioPlay":false,"sceneViewState":{"showFog":true,"showMaterialUpdate":false,"showSkybox":false,"showFlares":false,"showImageEffects":false,"showParticleSystems":false},"in2DMode":false,"pivot":{"x":-0.07687345892190933,"y":-0.7658156156539917,"z":1.7756240367889405},"rotation":{"x":0.20197057723999024,"y":-0.021177487447857858,"z":0.004334526602178812,"w":0.9791940450668335},"size":18.90842628479004,"orthographic":true}