{"cameraMode":{"drawMode":0,"name":"Shaded","section":"Shading Mode"},"sceneLighting":true,"audioPlay":false,"sceneViewState":{"showFog":true,"showMaterialUpdate":false,"showSkybox":true,"showFlares":false,"showImageEffects":false,"showParticleSystems":false},"in2DMode":false,"pivot":{"x":-0.7061371207237244,"y":53.07482147216797,"z":-7.362615585327148},"rotation":{"x":-0.0006228583515621722,"y":-0.998701810836792,"z":-0.012577895075082779,"w":0.04947112128138542},"size":4.818576335906982,"orthographic":false}