{"cameraMode":{"drawMode":0,"name":"Shaded","section":"Shading Mode"},"sceneLighting":true,"audioPlay":false,"sceneViewState":{"showFog":true,"showMaterialUpdate":false,"showSkybox":true,"showFlares":false,"showImageEffects":false,"showParticleSystems":false},"in2DMode":false,"pivot":{"x":-45.380523681640628,"y":518.1522216796875,"z":107.80128479003906},"rotation":{"x":-0.04816765710711479,"y":-0.07125908136367798,"z":0.0034452169202268125,"w":-0.9962895512580872},"size":78.07559967041016,"orthographic":false}