{"cameraMode":{"drawMode":0,"name":"Shaded","section":"Shading Mode"},"sceneLighting":true,"audioPlay":false,"sceneViewState":{"showFog":true,"showMaterialUpdate":false,"showSkybox":true,"showFlares":false,"showImageEffects":false,"showParticleSystems":false},"in2DMode":false,"pivot":{"x":-24.139019012451173,"y":16.908382415771486,"z":-18.543394088745118},"rotation":{"x":0.0075159636326134209,"y":0.8808656930923462,"z":0.01400032453238964,"w":-0.47312813997268679},"size":40.325496673583987,"orthographic":false}